{
  "y_test": [
    120.8,
    122.7,
    303.5,
    112.8,
    324.5,
    185.5,
    211.7,
    371.5,
    157.1,
    113.5,
    82.7,
    309.9,
    162.1,
    116.9,
    136.7,
    374.5,
    231.9,
    176.3,
    236.5,
    248.2,
    86.8,
    119.8,
    310.3,
    332.6,
    188.7,
    139.5,
    247.1,
    323.3,
    112.7,
    184.2,
    168.0,
    122.8,
    148.6,
    258.9,
    86.9,
    180.5,
    246.5,
    164.0,
    116.5,
    88.6,
    304.9,
    88.3,
    353.3,
    150.9,
    316.0,
    298.8,
    204.4,
    192.3,
    87.2,
    185.1,
    148.6,
    334.8,
    262.7,
    120.9,
    239.6,
    206.8,
    93.9,
    181.0,
    203.6,
    91.8,
    94.6,
    116.7,
    221.1,
    201.3,
    234.3,
    141.0,
    285.8,
    83.5,
    206.5,
    156.0,
    209.4,
    214.0,
    179.8,
    87.0,
    141.1,
    188.7,
    191.1,
    289.0,
    156.9,
    104.5,
    178.2,
    224.9,
    89.7,
    105.0,
    299.2,
    238.0,
    91.8,
    242.2,
    235.4,
    335.6,
    89.7,
    114.1,
    336.9,
    267.5,
    264.3,
    278.1,
    132.4,
    110.5,
    317.7,
    87.9,
    142.0,
    312.9,
    125.9,
    234.2,
    160.8,
    271.3,
    235.7,
    369.8,
    179.6,
    237.9,
    298.7,
    172.5,
    174.6,
    109.2,
    88.8,
    302.9,
    213.4,
    87.9,
    204.1,
    135.5,
    142.0,
    296.7,
    169.7,
    90.2,
    90.1,
    265.1,
    111.7,
    189.7,
    237.6,
    107.7
  ],
  "y_pred_original": [
    125.84773639357088,
    111.88558845706395,
    309.8275976591648,
    112.02941605538807,
    318.39111205134645,
    186.10070456924586,
    196.10468065891098,
    358.8483532183956,
    156.00582940521167,
    111.30001899909895,
    88.95365078758377,
    311.48294137424864,
    162.0695844573365,
    111.61798443528203,
    141.48396129492943,
    365.16455717253484,
    232.67120282293507,
    178.81313127134828,
    215.18310383286675,
    242.73107821210908,
    94.00761023165052,
    115.38406763496337,
    313.55611397443204,
    323.93395479978915,
    187.53154903206962,
    141.93295979944958,
    242.57209549401756,
    320.595317719867,
    110.48909090898813,
    180.27746326903429,
    172.4057790487276,
    111.10668936625946,
    144.42078398940515,
    269.0704037684527,
    95.10447475863806,
    177.7337397795698,
    243.82240485398887,
    170.02103827735465,
    114.11220589023112,
    94.86164309128321,
    308.6212524486011,
    89.44021617651802,
    354.3968371118326,
    159.05531007859094,
    319.0989567228747,
    296.7406533612582,
    193.97238878955255,
    187.63463245065228,
    116.19699393794099,
    185.41527166236435,
    148.07796643230077,
    323.79652446645855,
    273.27586823799453,
    110.93169214851477,
    234.8034946922935,
    194.1968880418126,
    93.84223024856549,
    185.4871854615264,
    191.67471693710905,
    90.52514555340429,
    93.27181591036789,
    133.12747311979876,
    197.6225940406642,
    193.69838750277708,
    235.5113393638217,
    142.51938863730032,
    293.423568666097,
    89.0191673217523,
    195.60618011987546,
    160.7601558281902,
    197.03702458269922,
    201.05555668439507,
    173.939706930134,
    89.37469964234947,
    143.35826637716556,
    189.36828722989168,
    187.77206278398285,
    294.2839987907232,
    161.40802185065758,
    109.09259336091233,
    185.03818695700627,
    230.72584332142262,
    93.58016411189129,
    111.15936869610223,
    306.5544771134112,
    240.41825123989818,
    94.69626310819817,
    241.9146122368905,
    234.10204728575886,
    351.0366476471496,
    117.21000951566519,
    110.02815725436672,
    324.59143805691616,
    274.3607976148808,
    273.5003674902546,
    278.9712964395352,
    144.64672254834142,
    109.32670984783206,
    311.9855212628361,
    93.11923045726988,
    147.45425016313126,
    309.7556838600027,
    111.79212227314098,
    232.98916825911812,
    157.59565658612698,
    274.2233672815502,
    230.61188593710654,
    359.8022495269447,
    185.26268620926635,
    234.73797815812497,
    297.62263587064535,
    176.04082918007185,
    173.87419039596546,
    109.26119331366351,
    94.0882818855865,
    306.4170467800806,
    196.89959424936862,
    93.87979713297956,
    194.97024924750932,
    141.93935706444307,
    142.9028706076519,
    300.14480697534884,
    175.5918306755517,
    94.06033223583204,
    89.73023196294663,
    272.5025070322978,
    111.64593408503646,
    186.77420232602609,
    237.4846485150886,
    113.08317581285375
  ],
  "residuals": [
    -5.0477363935708865,
    10.814411542936057,
    -6.3275976591647805,
    0.7705839446119285,
    6.108887948653546,
    -0.6007045692458632,
    15.59531934108901,
    12.651646781604427,
    1.0941705947883236,
    2.1999810009010474,
    -6.253650787583766,
    -1.5829413742486622,
    0.03041554266349067,
    5.28201556471798,
    -4.7839612949294406,
    9.335442827465158,
    -0.7712028229350665,
    -2.5131312713482714,
    21.31689616713325,
    5.468921787890906,
    -7.20761023165052,
    4.415932365036625,
    -3.2561139744320258,
    8.666045200210874,
    1.1684509679303687,
    -2.432959799449577,
    4.527904505982434,
    2.7046822801329995,
    2.210909091011871,
    3.922536730965703,
    -4.405779048727595,
    11.693310633740538,
    4.179216010594843,
    -10.17040376845273,
    -8.204474758638057,
    2.766260220430212,
    2.6775951460111287,
    -6.0210382773546485,
    2.387794109768876,
    -6.261643091283219,
    -3.721252448601149,
    -1.1402161765180239,
    -1.096837111832599,
    -8.15531007859093,
    -3.098956722874675,
    2.059346638741829,
    10.427611210447452,
    4.665367549347735,
    -28.996993937940985,
    -0.3152716623643528,
    0.5220335676992249,
    11.003475533541462,
    -10.575868237994541,
    9.968307851485235,
    4.7965053077064965,
    12.603111958187412,
    0.057769751434520344,
    -4.487185461526394,
    11.92528306289094,
    1.274854446595711,
    1.3281840896321029,
    -16.427473119798762,
    23.477405959335783,
    7.601612497222931,
    -1.2113393638216792,
    -1.5193886373003238,
    -7.623568666097015,
    -5.519167321752306,
    10.89381988012454,
    -4.760155828190193,
    12.362975417300788,
    12.944443315604929,
    5.860293069866003,
    -2.3746996423494693,
    -2.258266377165569,
    -0.6682872298916891,
    3.3279372160171476,
    -5.283998790723217,
    -4.50802185065757,
    -4.592593360912332,
    -6.838186957006286,
    -5.82584332142261,
    -3.8801641118912897,
    -6.159368696102234,
    -7.354477113411235,
    -2.418251239898183,
    -2.89626310819817,
    0.2853877631094974,
    1.2979527142411484,
    -15.436647647149584,
    -27.51000951566519,
    4.071842745633276,
    12.308561943083816,
    -6.860797614880823,
    -9.200367490254564,
    -0.8712964395351719,
    -12.24672254834141,
    1.1732901521679366,
    5.714478737163915,
    -5.219230457269873,
    -5.454250163131263,
    3.1443161399972723,
    14.10787772685903,
    1.210831740881872,
    3.2043434138730333,
    -2.923367281550213,
    5.088114062893453,
    9.997750473055305,
    -5.662686209266354,
    3.162021841875031,
    1.0773641293546348,
    -3.540829180071853,
    0.7258096040345379,
    -0.061193313663508775,
    -5.2882818855865,
    -3.5170467800806477,
    16.500405750631387,
    -5.979797132979556,
    9.12975075249068,
    -6.439357064443072,
    -0.9028706076518915,
    -3.444806975348854,
    -5.8918306755517165,
    -3.8603322358320327,
    0.3697680370533618,
    -7.402507032297763,
    0.054065914963544515,
    2.9257976739739036,
    0.11535148491140035,
    -5.38317581285375
  ],