{
  "methods": [
    "batch",
    "stochastic",
    "mini_batch"
  ],
  "colors": [
    "blue",
    "red",
    "green",
    "orange"
  ],
  "training_histories": "{'batch': {'costs': [np.float64(0.4364952065894767), np.float64(0.015449992173993591), np.float64(0.012862123617917439), np.float64(0.010850915064645117), np.float64(0.009245946039470683), np.float64(0.007961496103813828), np.float64(0.0069307827381317215), np.float64(0.006101560128985554), np.float64(0.005432804136815861), np.float64(0.004892193054004769)], 'iterations': [0, 100, 200, 300, 400, 500, 600, 700, 800, 900]}, 'stochastic': {'costs': [np.float64(0.4217946259728312), np.float64(0.015433954591130488), np.float64(0.012242878038885187), np.float64(0.009807988611232131), np.float64(0.00773598812541862), np.float64(0.006802763768497509), np.float64(0.006174089533533984), np.float64(0.005879366845890211), np.float64(0.0054221603037448475), np.float64(0.005088139720521916)], 'iterations': [0, 100, 200, 300, 400, 500, 600, 700, 800, 900]}, 'mini_batch': {'costs': [np.float64(0.43881927328400483), np.float64(0.014970659508388684), np.float64(0.012736122097787001), np.float64(0.01103241464627854), np.float64(0.00933132473362042), np.float64(0.00790670201778415), np.float64(0.006874089685899236), np.float64(0.005970690562829971), np.float64(0.005311561870438204), np.float64(0.004709673053223074)], 'iterations': [0, 100, 200, 300, 400, 500, 600, 700, 800, 900]}}",
  "batch_convergence_rate": [
    3.341168896945958,
    0.18332165804345646,
    0.17003742457698756,
    0.16006422473100024,
    0.1495682545187318,
    0.13864417888693392,
    0.1274282587202471,
    0.11608908105958715,
    0.10481473601656877
  ],
  "stochastic_convergence_rate": [
    3.3079486013649175,
    0.23162554255842327,
    0.22174716531848038,
    0.23731399484900173,
    0.12855425702005085,
    0.09696753847184958,
    0.04891235083866974,
    0.08095476077597308,
    0.06358202961117865
  ],
  "mini_batch_convergence_rate": [
    3.3779953973461816,
    0.16165003691791213,
    0.14360449031933697,
    0.16746073432584208,
    0.16566623473124498,
    0.1399515310413797,
    0.1408966325811729,
    0.11697666331796519,
    0.1202674393954748
  ]
}