{
  "methods": [
    "batch",
    "stochastic",
    "mini_batch"
  ],
  "colors": [
    "blue",
    "red",
    "green",
    "orange"
  ],
  "training_histories": "{'batch': {'costs': [0.4364952065894767, 0.015449992173993591, 0.012862123617917439, 0.010850915064645117, 0.009245946039470683, 0.007961496103813826, 0.006930782738131719, 0.006101560128985554, 0.005432804136815861, 0.004892193054004769], 'iterations': [0, 100, 200, 300, 400, 500, 600, 700, 800, 900]}, 'stochastic': {'costs': [0.4217946259728312, 0.015433954591130492, 0.012242878038885185, 0.009807988611232136, 0.007735988125418629, 0.006802763768497518, 0.006174089533533991, 0.005879366845890217, 0.005422160303744855, 0.0050881397205219244], 'iterations': [0, 100, 200, 300, 400, 500, 600, 700, 800, 900]}, 'mini_batch': {'costs': [0.43881927328400483, 0.014970659508388688, 0.012736122097787005, 0.011032414646278547, 0.009331324733620423, 0.007906702017784154, 0.006874089685899238, 0.005970690562829974, 0.0053115618704382035, 0.004709673053223074], 'iterations': [0, 100, 200, 300, 400, 500, 600, 700, 800, 900]}}",
  "batch_convergence_rate": [
    3.341168896945958,
    0.18332165804345646,
    0.17003742457698756,
    0.16006422473100024,
    0.1495682545187318,
    0.13864417888693392,
    0.1274282587202471,
    0.11608908105958715,
    0.10481473601656877
  ],
  "stochastic_convergence_rate": [
    3.3079486013649175,
    0.23162554255842327,
    0.2217471653184795,
    0.23731399484900084,
    0.12855425702005174,
    0.09696753847184958,
    0.04891235083866974,
    0.08095476077597219,
    0.06358202961117954
  ],
  "mini_batch_convergence_rate": [
    3.3779953973461816,
    0.16165003691791213,
    0.1436044903193361,
    0.16746073432584296,
    0.16566623473124498,
    0.1399515310413788,
    0.1408966325811729,
    0.11697666331796608,
    0.1202674393954748
  ]
}