{
  "lambda_values": [
    0.01,
    0.1,
    1,
    10,
    100
  ],
  "r2_scores": [
    0.954326816410687,
    0.9629497054161298,
    0.9677821293071024,
    0.9393337785376111,
    0.9268850016112846
  ],
  "rmse_scores": [
    13.06389921419838,
    11.766248372430702,
    10.972121193694841,
    15.05620960039832,
    16.528955723593068
  ],
  "weights_matrix": [
    [
      -0.046312823510398914,
      67.09321786651549,
      0.043059954976977705,
      71.67776260208348,
      50.92635953183376,
      -6.348473851552139,
      -1.115248153656239
    ],
    [
      -0.05645695651954376,
      59.0911220046097,
      0.04840763783535071,
      47.26074149424318,
      49.14250514135162,
      -5.328309793938816,
      -1.1778538145827373
    ],
    [
      -0.07102804660296179,
      30.956207853923974,
      0.0684448088824187,
      8.37235325070192,
      38.05079796183233,
      -4.49015462398182,
      -1.2189997233945897
    ],
    [
      -0.07539541828370493,
      5.647940462235544,
      0.08921307863196727,
      0.41867273473261435,
      12.334757228260882,
      -2.8937603453584635,
      -1.126418999238291
    ],
    [
      -0.0745137324974071,
      0.6216904251952282,
      0.09488374186661515,
      0.019322143726924434,
      1.5965949352044746,
      -0.5345083601227234,
      -0.714363886818411
    ]
  ],
  "best_lambda": 1
}