{
  "feature_names": [
    "area",
    "room_num",
    "living_room_num",
    "floor",
    "distance_subway"
  ],
  "weights": [
    0.5070083134778322,
    0.22450207945299835,
    0.09136816126325076,
    0.18191068282861378,
    -0.03279589163989455
  ],
  "abs_weights": [
    0.5070083134778322,
    0.22450207945299835,
    0.09136816126325076,
    0.18191068282861378,
    0.03279589163989455
  ],
  "colors": [
    "red",
    "red",
    "red",
    "red",
    "blue"
  ],
  "importance_percent": [
    48.864261781715,
    21.63697929464097,
    8.805847225376205,
    17.532121249953747,
    3.160790448314086
  ],
  "sorted_features": [
    "area",
    "room_num",
    "floor",
    "living_room_num",
    "distance_subway"
  ],
  "sorted_weights": [
    0.5070083134778322,
    0.22450207945299835,
    0.18191068282861378,
    0.09136816126325076,
    0.03279589163989455
  ]
}