{
  "confusion_matrix": [
    [
      82,
      18
    ],
    [
      26,
      28
    ]
  ],
  "fpr": [
    0.0,
    0.0,
    0.0,
    0.01,
    0.01,
    0.03,
    0.03,
    0.05,
    0.05,
    0.06,
    0.06,
    0.07,
    0.07,
    0.08,
    0.08,
    0.1,
    0.1,
    0.12,
    0.12,
    0.13,
    0.13,
    0.15,
    0.15,
    0.19,
    0.19,
    0.22,
    0.22,
    0.23,
    0.23,
    0.24,
    0.24,
    0.25,
    0.25,
    0.29,
    0.29,
    0.31,
    0.31,
    0.32,
    0.32,
    0.34,
    0.34,
    0.41,
    0.41,
    0.43,
    0.43,
    0.44,
    0.44,
    0.45,
    0.45,
    0.51,
    0.51,
    0.81,
    0.81,
    1.0
  ],
  "tpr": [
    0.0,
    0.018518518518518517,
    0.09259259259259259,
    0.09259259259259259,
    0.12962962962962962,
    0.12962962962962962,
    0.25925925925925924,
    0.25925925925925924,
    0.3148148148148148,
    0.3148148148148148,
    0.35185185185185186,
    0.35185185185185186,
    0.37037037037037035,
    0.37037037037037035,
    0.3888888888888889,
    0.3888888888888889,
    0.4444444444444444,
    0.4444444444444444,
    0.46296296296296297,
    0.46296296296296297,
    0.5,
    0.5,
    0.5185185185185185,
    0.5185185185185185,
    0.5925925925925926,
    0.5925925925925926,
    0.7037037037037037,
    0.7037037037037037,
    0.7222222222222222,
    0.7222222222222222,
    0.7407407407407407,
    0.7407407407407407,
    0.7592592592592593,
    0.7592592592592593,
    0.7962962962962963,
    0.7962962962962963,
    0.8518518518518519,
    0.8518518518518519,
    0.8703703703703703,
    0.8703703703703703,
    0.8888888888888888,
    0.8888888888888888,
    0.9074074074074074,
    0.9074074074074074,
    0.9259259259259259,
    0.9259259259259259,
    0.9444444444444444,
    0.9444444444444444,
    0.9629629629629629,
    0.9629629629629629,
    0.9814814814814815,
    0.9814814814814815,
    1.0,
    1.0
  ],
  "auc": 0.8240740740740741
}