{
  "y_test": [
    386,
    158,
    395,
    221,
    217,
    348,
    158,
    162,
    382
  ],
  "y_pred": [
    376.22535137710605,
    143.77659704910087,
    397.7349923839582,
    227.39913372296635,
    228.93872122732253,
    350.87123153922045,
    159.26754997326725,
    157.46555882558462,
    407.1409133452593
  ],
  "residuals": [
    9.774648622893949,
    14.223402950899128,
    -2.734992383958172,
    -6.399133722966354,
    -11.938721227322532,
    -2.871231539220446,
    -1.2675499732672506,
    4.534441174415377,
    -25.14091334525932
  ],
  "relative_errors": [
    2.532292389350764,
    9.002153766391853,
    0.692403135179284,
    2.895535621251744,
    5.501714851300705,
    0.8250665342587489,
    0.8022468185235764,
    2.799037761984801,
    6.581390928078356
  ]
}