{
  "total_count": 768,
  "outcome_counts": {
    "0": 500,
    "1": 268
  },
  "outcome_ratio": {
    "0": 0.6510416666666666,
    "1": 0.3489583333333333
  },
  "age_groups": {
    "20-30": {
      "0": 0.7878787878787878,
      "1": 0.21212121212121213
    },
    "30-40": {
      "0": 0.5393939393939394,
      "1": 0.46060606060606063
    },
    "40-50": {
      "1": 0.5508474576271186,
      "0": 0.4491525423728814
    },
    "50+": {
      "0": 0.5168539325842697,
      "1": 0.48314606741573035
    }
  },
  "bmi_groups": {
    "underweight_normal": {
      "0": 0.9230769230769231,
      "1": 0.07692307692307693
    },
    "overweight": {
      "0": 0.776536312849162,
      "1": 0.22346368715083798
    },
    "obese": {
      "0": 0.5360169491525424,
      "1": 0.4639830508474576
    }
  },
  "glucose_groups": {
    "normal": {
      "0": 0.9187817258883249,
      "1": 0.08121827411167512
    },
    "prediabetes": {
      "0": 0.7226277372262774,
      "1": 0.2773722627737226
    },
    "diabetes_range": {
      "1": 0.5925925925925926,
      "0": 0.4074074074074074
    }
  }
}