{
  "costs": [
    0.6328661044678399,
    0.46624210519423326,
    0.46620695818781727,
    0.4662068569957214,
    0.46620685662536954,
    0.4662068566239589,
    0.46620685662395345,
    0.46620685662395345,
    0.46620685662395345,
    0.46620685662395345,
    0.46620685662395345,
    0.4662068566239535,
    0.46620685662395345,
    0.46620685662395345,
    0.46620685662395345,
    0.46620685662395345,
    0.46620685662395345,
    0.46620685662395345,
    0.46620685662395345,
    0.46620685662395345
  ],
  "iterations": [
    0,
    100,
    200,
    300,
    400,
    500,
    600,
    700,
    800,
    900,
    1000,
    1100,
    1200,
    1300,
    1400,
    1500,
    1600,
    1700,
    1800,
    1900
  ]
}